{
	"tags": null,
	"position": [
		0.2526666820049286,
		0.15849974751472473,
		-0.18666672706604004
	],
	"rotation": [
		0,
		0,
		0
	],
	"rotationQuaternion": [
		0,
		0,
		0,
		1
	],
	"scaling": [
		1,
		1,
		1
	],
	"billboardMode": 0,
	"scalingDeterminant": 1,
	"infiniteDistance": false,
	"ignoreNonUniformScaling": false,
	"reIntegrateRotationIntoRotationQuaternion": false,
	"name": "Bake procedural.001_1",
	"id": "042d994a-5123-424e-ae0a-d73fb76a6008",
	"state": "",
	"metadata": {},
	"type": "TransformNode",
	"uniqueId": 450,
	"parentId": "5210265f-3092-4429-8253-86738788fa11",
	"localMatrix": {
		"0": 1,
		"1": 0,
		"2": 0,
		"3": 0,
		"4": 0,
		"5": 1,
		"6": 0,
		"7": 0,
		"8": 0,
		"9": 0,
		"10": 1,
		"11": 0,
		"12": 0,
		"13": 0,
		"14": 0,
		"15": 1
	},
	"isEnabled": true
}