{
	"tags": null,
	"position": [
		-0.19299516081809998,
		0.4429038465023041,
		-0.052811168134212494
	],
	"rotation": [
		0,
		0,
		0
	],
	"rotationQuaternion": [
		0,
		0,
		0,
		1
	],
	"scaling": [
		1,
		1,
		1
	],
	"billboardMode": 0,
	"scalingDeterminant": 1,
	"infiniteDistance": false,
	"ignoreNonUniformScaling": false,
	"reIntegrateRotationIntoRotationQuaternion": false,
	"name": "Bake procedural.014_14",
	"id": "d3581322-ac63-461a-9b80-ad19f1033804",
	"state": "",
	"metadata": {},
	"type": "TransformNode",
	"uniqueId": 489,
	"parentId": "5210265f-3092-4429-8253-86738788fa11",
	"localMatrix": {
		"0": 1,
		"1": 0,
		"2": 0,
		"3": 0,
		"4": 0,
		"5": 1,
		"6": 0,
		"7": 0,
		"8": 0,
		"9": 0,
		"10": 1,
		"11": 0,
		"12": 0,
		"13": 0,
		"14": 0,
		"15": 1
	},
	"isEnabled": true
}