{
	"tags": null,
	"position": [
		0.2526666522026062,
		0.2084997445344925,
		-0.21866673231124878
	],
	"rotation": [
		0,
		0,
		0
	],
	"rotationQuaternion": [
		0,
		0,
		0,
		1
	],
	"scaling": [
		1,
		1,
		1
	],
	"billboardMode": 0,
	"scalingDeterminant": 1,
	"infiniteDistance": false,
	"ignoreNonUniformScaling": false,
	"reIntegrateRotationIntoRotationQuaternion": false,
	"name": "Bake procedural.010_10",
	"id": "de29534f-17a1-4a37-b354-fe1682f2da67",
	"state": "",
	"metadata": {},
	"type": "TransformNode",
	"uniqueId": 477,
	"parentId": "5210265f-3092-4429-8253-86738788fa11",
	"localMatrix": {
		"0": 1,
		"1": 0,
		"2": 0,
		"3": 0,
		"4": 0,
		"5": 1,
		"6": 0,
		"7": 0,
		"8": 0,
		"9": 0,
		"10": 1,
		"11": 0,
		"12": 0,
		"13": 0,
		"14": 0,
		"15": 1
	},
	"isEnabled": true
}