{
	"tags": null,
	"position": [
		-1.8404163122177124,
		0.00000762939453125,
		-59.22499084472656
	],
	"rotation": [
		0,
		0,
		0
	],
	"rotationQuaternion": [
		-6.123234262925839e-17,
		1,
		-6.123234262925839e-17,
		-6.123234262925839e-17
	],
	"scaling": [
		1,
		1,
		1
	],
	"billboardMode": 0,
	"scalingDeterminant": 1,
	"infiniteDistance": false,
	"ignoreNonUniformScaling": false,
	"reIntegrateRotationIntoRotationQuaternion": false,
	"name": "build_equi_03copy_1",
	"id": "bfa875ab-7f2e-4d99-b8cf-9e9b5df71e6b",
	"state": "",
	"metadata": {},
	"type": "TransformNode",
	"uniqueId": 691,
	"parentId": "bb4be695-1d0f-4a3c-a92e-c721d3cb6dfc",
	"localMatrix": {
		"0": 1,
		"1": 0,
		"2": 0,
		"3": 0,
		"4": 0,
		"5": 1,
		"6": 0,
		"7": 0,
		"8": 0,
		"9": 0,
		"10": 1,
		"11": 0,
		"12": 0,
		"13": 0,
		"14": 0,
		"15": 1
	},
	"isEnabled": true
}