{
	"tags": null,
	"position": [
		0,
		0,
		0
	],
	"rotation": [
		0,
		0,
		0
	],
	"rotationQuaternion": [
		0.7071067811865475,
		0,
		0,
		0.7071067811865476
	],
	"scaling": [
		0.0010000000474974513,
		0.0010000000474974513,
		0.0010000000474974513
	],
	"billboardMode": 0,
	"scalingDeterminant": 1,
	"infiniteDistance": false,
	"ignoreNonUniformScaling": false,
	"reIntegrateRotationIntoRotationQuaternion": false,
	"name": "cat.FBX",
	"id": "ebc31cf2-f1c4-4336-9ed8-b345935cdf00",
	"state": "",
	"metadata": {},
	"type": "TransformNode",
	"uniqueId": 15650,
	"parentId": "5da68d1e-4dfc-47cb-aa0b-59d7bd3c7b32",
	"localMatrix": {
		"0": 1,
		"1": 0,
		"2": 0,
		"3": 0,
		"4": 0,
		"5": 1,
		"6": 0,
		"7": 0,
		"8": 0,
		"9": 0,
		"10": 1,
		"11": 0,
		"12": 0,
		"13": 0,
		"14": 0,
		"15": 1
	},
	"isEnabled": true
}