{
	"tags": null,
	"position": [
		-30,
		1.5918667954444542e-14,
		159.9857940673828
	],
	"rotation": [
		0,
		0,
		0
	],
	"rotationQuaternion": [
		-3.697785493223493e-32,
		6.162975822039155e-32,
		1.2246468525851679e-16,
		1
	],
	"scaling": [
		1,
		1,
		1
	],
	"billboardMode": 0,
	"scalingDeterminant": 1,
	"infiniteDistance": false,
	"ignoreNonUniformScaling": false,
	"reIntegrateRotationIntoRotationQuaternion": false,
	"name": "pPlane197",
	"id": "cf87b8e5-9db9-4b73-8ece-dd37dd1928fd",
	"state": "",
	"metadata": {},
	"type": "TransformNode",
	"uniqueId": 717,
	"parentId": "bfa875ab-7f2e-4d99-b8cf-9e9b5df71e6b",
	"localMatrix": {
		"0": 1,
		"1": 0,
		"2": 0,
		"3": 0,
		"4": 0,
		"5": 1,
		"6": 0,
		"7": 0,
		"8": 0,
		"9": 0,
		"10": 1,
		"11": 0,
		"12": 0,
		"13": 0,
		"14": 0,
		"15": 1
	},
	"isEnabled": true
}