{
	"materials": [],
	"meshes": [
		{
			"name": "cat_cat1222_0",
			"id": "1a108f58-11f0-48e2-9a63-cd470b9c127d",
			"uniqueId": 15654,
			"type": "Mesh",
			"position": [
				0,
				0,
				0
			],
			"rotationQuaternion": [
				0,
				0,
				0,
				1
			],
			"scaling": [
				1,
				1,
				1
			],
			"localMatrix": {
				"0": 1,
				"1": 0,
				"2": 0,
				"3": 0,
				"4": 0,
				"5": 1,
				"6": 0,
				"7": 0,
				"8": 0,
				"9": 0,
				"10": 1,
				"11": 0,
				"12": 0,
				"13": 0,
				"14": 0,
				"15": 1
			},
			"isEnabled": true,
			"isVisible": true,
			"infiniteDistance": false,
			"pickable": true,
			"receiveShadows": false,
			"billboardMode": 0,
			"visibility": 1,
			"checkCollisions": false,
			"isBlocker": false,
			"overrideMaterialSideOrientation": 0,
			"parentId": "8dc7b4fa-9f75-4dc1-bcb2-df06d34e4121",
			"isUnIndexed": false,
			"geometryId": "c2089808-01db-41ed-8be9-6043680883e5",
			"subMeshes": null,
			"materialId": "a150b7c9-ea16-4c8c-a285-996ceee95c44",
			"metadata": {
				"basePoseMatrix": {
					"0": -1059.4454345703125,
					"1": -38.87831497192383,
					"2": -2.3092513856681762e-7,
					"3": 0,
					"4": 2.3092513856681762e-7,
					"5": -0.000006292777015914908,
					"6": 1060.1585693359375,
					"7": 0,
					"8": 38.87831497192383,
					"9": -1059.4454345703125,
					"10": -0.000006292777015914908,
					"11": 0,
					"12": -85.28271484375,
					"13": 47.106807708740234,
					"14": -68.95633697509766,
					"15": 1
				},
				"originalSourceFile": {
					"id": "cat_cat1222_0",
					"name": "cat_cat1222_0",
					"sceneFileName": "Cat/cat.glb"
				},
				"isPickable": false
			},
			"instances": [],
			"animations": [],
			"ranges": [],
			"layerMask": 268435455,
			"alphaIndex": 1.7976931348623157e+308,
			"hasVertexAlpha": false,
			"overlayAlpha": 0.3,
			"overlayColor": [
				1,
				0,
				0
			],
			"applyFog": true,
			"delayLoadingFile": "geometries/c2089808-01db-41ed-8be9-6043680883e5.babylonbinarymeshdata",
			"boundingBoxMaximum": [
				225.21572875976562,
				184.23143005371094,
				53.38697052001953
			],
			"boundingBoxMinimum": [
				-250.52978515625,
				-186.13949584960938,
				-69.14134216308594
			],
			"_binaryInfo": {
				"positionsAttrDesc": {
					"count": 51150,
					"stride": 3,
					"offset": 0,
					"dataType": 1
				},
				"normalsAttrDesc": {
					"count": 51150,
					"stride": 3,
					"offset": 204600,
					"dataType": 1
				},
				"uvsAttrDesc": {
					"count": 34100,
					"stride": 2,
					"offset": 409200,
					"dataType": 1
				},
				"indicesAttrDesc": {
					"count": 93792,
					"stride": 1,
					"offset": 545600,
					"dataType": 0
				},
				"subMeshesAttrDesc": {
					"count": 1,
					"stride": 5,
					"offset": 920768,
					"dataType": 0
				}
			},
			"positions": null,
			"normals": null,
			"uvs": null,
			"hasUVs": true,
			"indices": null
		}
	],
	"multiMaterials": [],
	"lods": []
}