{
	"materials": [],
	"meshes": [
		{
			"name": "Object_42",
			"id": "6772c74c-edf1-428d-98bc-2dcc24dd9199",
			"uniqueId": 505,
			"type": "Mesh",
			"position": [
				0,
				0,
				0
			],
			"rotationQuaternion": [
				0,
				0,
				0,
				1
			],
			"scaling": [
				1,
				1,
				1
			],
			"localMatrix": {
				"0": 1,
				"1": 0,
				"2": 0,
				"3": 0,
				"4": 0,
				"5": 1,
				"6": 0,
				"7": 0,
				"8": 0,
				"9": 0,
				"10": 1,
				"11": 0,
				"12": 0,
				"13": 0,
				"14": 0,
				"15": 1
			},
			"isEnabled": true,
			"isVisible": true,
			"infiniteDistance": false,
			"pickable": true,
			"receiveShadows": false,
			"billboardMode": 0,
			"visibility": 1,
			"checkCollisions": false,
			"isBlocker": false,
			"overrideMaterialSideOrientation": 0,
			"parentId": "f3916cec-8a62-4ba1-82e4-117955a5a241",
			"isUnIndexed": false,
			"geometryId": "9b730f6c-0a97-4fab-b5bf-da67416190f6",
			"subMeshes": null,
			"materialId": "a628ce3d-73d5-4ca7-b603-e8fdd73b6b37",
			"metadata": {
				"basePoseMatrix": {
					"0": -0.22499999403953552,
					"1": 0,
					"2": 0,
					"3": 0,
					"4": 0,
					"5": 0.22499999403953552,
					"6": 0,
					"7": 0,
					"8": 0,
					"9": 0,
					"10": 0.22499999403953552,
					"11": 0,
					"12": 0.19299516081809998,
					"13": -0.35146522521972656,
					"14": 0.0028726747259497643,
					"15": 1
				},
				"originalSourceFile": {
					"id": "Object_42",
					"name": "Object_42",
					"sceneFileName": "Building/playground_realisticwithered_version.glb"
				},
				"isPickable": false
			},
			"instances": [],
			"animations": [],
			"ranges": [],
			"layerMask": 268435455,
			"alphaIndex": 1.7976931348623157e+308,
			"hasVertexAlpha": false,
			"overlayAlpha": 0.5,
			"overlayColor": [
				1,
				0,
				0
			],
			"applyFog": true,
			"delayLoadingFile": "geometries/9b730f6c-0a97-4fab-b5bf-da67416190f6.babylonbinarymeshdata",
			"boundingBoxMaximum": [
				0.01885470747947693,
				0.022884875535964966,
				0.018732436001300812
			],
			"boundingBoxMinimum": [
				-0.01786467432975769,
				-0.022834450006484985,
				-0.017987046390771866
			],
			"_binaryInfo": {
				"positionsAttrDesc": {
					"count": 1440,
					"stride": 3,
					"offset": 0,
					"dataType": 1
				},
				"normalsAttrDesc": {
					"count": 1440,
					"stride": 3,
					"offset": 5760,
					"dataType": 1
				},
				"uvsAttrDesc": {
					"count": 960,
					"stride": 2,
					"offset": 11520,
					"dataType": 1
				},
				"uvs2AttrDesc": {
					"count": 960,
					"stride": 2,
					"offset": 15360,
					"dataType": 1
				},
				"indicesAttrDesc": {
					"count": 1332,
					"stride": 1,
					"offset": 19200,
					"dataType": 0
				},
				"subMeshesAttrDesc": {
					"count": 1,
					"stride": 5,
					"offset": 24528,
					"dataType": 0
				}
			},
			"positions": null,
			"normals": null,
			"uvs": null,
			"hasUVs": true,
			"uv2s": null,
			"hasUVs2": true,
			"indices": null
		}
	],
	"multiMaterials": [],
	"lods": []
}