{
	"materials": [],
	"meshes": [
		{
			"name": "pCube117_rooftop_01.6_0",
			"id": "32b77326-8a79-42e0-8ed8-242d80e0c89a",
			"uniqueId": 713,
			"type": "Mesh",
			"position": [
				0,
				0,
				0
			],
			"rotationQuaternion": [
				0,
				0,
				0,
				1
			],
			"scaling": [
				1,
				1,
				1
			],
			"localMatrix": {
				"0": 1,
				"1": 0,
				"2": 0,
				"3": 0,
				"4": 0,
				"5": 1,
				"6": 0,
				"7": 0,
				"8": 0,
				"9": 0,
				"10": 1,
				"11": 0,
				"12": 0,
				"13": 0,
				"14": 0,
				"15": 1
			},
			"isEnabled": true,
			"isVisible": true,
			"infiniteDistance": false,
			"pickable": true,
			"receiveShadows": false,
			"billboardMode": 0,
			"visibility": 1,
			"checkCollisions": false,
			"isBlocker": false,
			"overrideMaterialSideOrientation": 0,
			"parentId": "55fd4121-66d1-460d-a71b-7cbf56a276fb",
			"isUnIndexed": false,
			"geometryId": "4ace5a20-e2f5-4ccb-ab08-f5309dec388b",
			"subMeshes": null,
			"materialId": "693d4f6c-0ab4-48fd-8e67-e6a30fbf1edf",
			"metadata": {
				"basePoseMatrix": {
					"0": 1,
					"1": -1.2246468525851679e-16,
					"2": 1.2246468525851679e-16,
					"3": 0,
					"4": 1.2246468525851679e-16,
					"5": 1,
					"6": -1.2246468525851679e-16,
					"7": 0,
					"8": 1.2246468525851679e-16,
					"9": -1.2246468525851679e-16,
					"10": -1,
					"11": 0,
					"12": 28.159584045410156,
					"13": -3.029413335855005e-14,
					"14": -219.21078491210938,
					"15": 1
				},
				"originalSourceFile": {
					"id": "pCube117_rooftop_01.6_0",
					"name": "pCube117_rooftop_01.6_0",
					"sceneFileName": "Building/asia_building.glb"
				},
				"isPickable": false
			},
			"instances": [],
			"animations": [],
			"ranges": [],
			"layerMask": 268435455,
			"alphaIndex": 1.7976931348623157e+308,
			"hasVertexAlpha": false,
			"overlayAlpha": 0.5,
			"overlayColor": [
				1,
				0,
				0
			],
			"applyFog": true,
			"delayLoadingFile": "geometries/4ace5a20-e2f5-4ccb-ab08-f5309dec388b.babylonbinarymeshdata",
			"boundingBoxMaximum": [
				-5.2001953125,
				119.6966323852539,
				-150.49139404296875
			],
			"boundingBoxMinimum": [
				-13.603271484375,
				112.50076293945312,
				-156.16693115234375
			],
			"_binaryInfo": {
				"positionsAttrDesc": {
					"count": 162,
					"stride": 3,
					"offset": 0,
					"dataType": 1
				},
				"normalsAttrDesc": {
					"count": 162,
					"stride": 3,
					"offset": 648,
					"dataType": 1
				},
				"uvsAttrDesc": {
					"count": 108,
					"stride": 2,
					"offset": 1296,
					"dataType": 1
				},
				"indicesAttrDesc": {
					"count": 102,
					"stride": 1,
					"offset": 1728,
					"dataType": 0
				},
				"subMeshesAttrDesc": {
					"count": 1,
					"stride": 5,
					"offset": 2136,
					"dataType": 0
				}
			},
			"positions": null,
			"normals": null,
			"uvs": null,
			"hasUVs": true,
			"indices": null
		}
	],
	"multiMaterials": [],
	"lods": []
}