{
	"materials": [],
	"meshes": [
		{
			"name": "pCube116_rooftop_01.9_0",
			"id": "bff0a411-6e3c-40b7-974e-54637233103c",
			"uniqueId": 728,
			"type": "Mesh",
			"position": [
				0,
				0,
				0
			],
			"rotationQuaternion": [
				0,
				0,
				0,
				1
			],
			"scaling": [
				1,
				1,
				1
			],
			"localMatrix": {
				"0": 1,
				"1": 0,
				"2": 0,
				"3": 0,
				"4": 0,
				"5": 1,
				"6": 0,
				"7": 0,
				"8": 0,
				"9": 0,
				"10": 1,
				"11": 0,
				"12": 0,
				"13": 0,
				"14": 0,
				"15": 1
			},
			"isEnabled": true,
			"isVisible": true,
			"infiniteDistance": false,
			"pickable": true,
			"receiveShadows": false,
			"billboardMode": 0,
			"visibility": 1,
			"checkCollisions": false,
			"isBlocker": false,
			"overrideMaterialSideOrientation": 0,
			"parentId": "00d1b76d-49c6-4081-b80f-c4254e5610c0",
			"isUnIndexed": false,
			"geometryId": "fc0e8056-3b77-4864-85db-4193e1618eb3",
			"subMeshes": null,
			"materialId": "8f992741-1143-48b3-b7e3-be0bfa204c34",
			"metadata": {
				"basePoseMatrix": {
					"0": 1,
					"1": -1.2246468525851679e-16,
					"2": 1.2246468525851679e-16,
					"3": 0,
					"4": 1.2246468525851679e-16,
					"5": 1,
					"6": -1.2246468525851679e-16,
					"7": 0,
					"8": 1.2246468525851679e-16,
					"9": -1.2246468525851679e-16,
					"10": -1,
					"11": 0,
					"12": 28.159584045410156,
					"13": -3.029413335855005e-14,
					"14": -219.21078491210938,
					"15": 1
				},
				"originalSourceFile": {
					"id": "pCube116_rooftop_01.9_0",
					"name": "pCube116_rooftop_01.9_0",
					"sceneFileName": "Building/asia_building.glb"
				},
				"isPickable": false
			},
			"instances": [],
			"animations": [],
			"ranges": [],
			"layerMask": 268435455,
			"alphaIndex": 1.7976931348623157e+308,
			"hasVertexAlpha": false,
			"overlayAlpha": 0.3,
			"overlayColor": [
				1,
				0,
				0
			],
			"applyFog": true,
			"delayLoadingFile": "geometries/fc0e8056-3b77-4864-85db-4193e1618eb3.babylonbinarymeshdata",
			"boundingBoxMaximum": [
				54.6318359375,
				74.01876068115234,
				-141.994873046875
			],
			"boundingBoxMinimum": [
				29.317138671875,
				55.64002990722656,
				-150.42498779296875
			],
			"_binaryInfo": {
				"positionsAttrDesc": {
					"count": 2325,
					"stride": 3,
					"offset": 0,
					"dataType": 1
				},
				"normalsAttrDesc": {
					"count": 2325,
					"stride": 3,
					"offset": 9300,
					"dataType": 1
				},
				"uvsAttrDesc": {
					"count": 1550,
					"stride": 2,
					"offset": 18600,
					"dataType": 1
				},
				"indicesAttrDesc": {
					"count": 2208,
					"stride": 1,
					"offset": 24800,
					"dataType": 0
				},
				"subMeshesAttrDesc": {
					"count": 1,
					"stride": 5,
					"offset": 33632,
					"dataType": 0
				}
			},
			"positions": null,
			"normals": null,
			"uvs": null,
			"hasUVs": true,
			"indices": null
		}
	],
	"multiMaterials": [],
	"lods": []
}