{
	"materials": [],
	"meshes": [
		{
			"name": "pCube124_rooftop_01.15_0",
			"id": "1b133cc7-25ea-443b-ac81-8f8e198e3f23",
			"uniqueId": 758,
			"type": "Mesh",
			"position": [
				0,
				0,
				0
			],
			"rotationQuaternion": [
				0,
				0,
				0,
				1
			],
			"scaling": [
				1,
				1,
				1
			],
			"localMatrix": {
				"0": 1,
				"1": 0,
				"2": 0,
				"3": 0,
				"4": 0,
				"5": 1,
				"6": 0,
				"7": 0,
				"8": 0,
				"9": 0,
				"10": 1,
				"11": 0,
				"12": 0,
				"13": 0,
				"14": 0,
				"15": 1
			},
			"isEnabled": true,
			"isVisible": true,
			"infiniteDistance": false,
			"pickable": true,
			"receiveShadows": false,
			"billboardMode": 0,
			"visibility": 1,
			"checkCollisions": false,
			"isBlocker": false,
			"overrideMaterialSideOrientation": 0,
			"parentId": "dab43b38-1f9e-4338-b4e2-3ad4cb6e6e11",
			"isUnIndexed": false,
			"geometryId": "7d74d349-2d46-43be-bfec-051bae903654",
			"subMeshes": null,
			"materialId": "4616916c-f879-42bb-b6d9-b3602c63f53d",
			"metadata": {
				"basePoseMatrix": {
					"0": 1,
					"1": -1.2246468525851679e-16,
					"2": 1.2246468525851679e-16,
					"3": 0,
					"4": 1.2246468525851679e-16,
					"5": 1,
					"6": -1.2246468525851679e-16,
					"7": 0,
					"8": 1.2246468525851679e-16,
					"9": -1.2246468525851679e-16,
					"10": -1,
					"11": 0,
					"12": 28.159584045410156,
					"13": -3.029413335855005e-14,
					"14": -219.21078491210938,
					"15": 1
				},
				"originalSourceFile": {
					"id": "pCube124_rooftop_01.15_0",
					"name": "pCube124_rooftop_01.15_0",
					"sceneFileName": "Building/asia_building.glb"
				},
				"isPickable": false
			},
			"instances": [],
			"animations": [],
			"ranges": [],
			"layerMask": 268435455,
			"alphaIndex": 1.7976931348623157e+308,
			"hasVertexAlpha": false,
			"overlayAlpha": 0.5,
			"overlayColor": [
				1,
				0,
				0
			],
			"applyFog": true,
			"delayLoadingFile": "geometries/7d74d349-2d46-43be-bfec-051bae903654.babylonbinarymeshdata",
			"boundingBoxMaximum": [
				77.79794311523438,
				151.47637939453125,
				-145.91925048828125
			],
			"boundingBoxMinimum": [
				70.55581665039062,
				146.3592529296875,
				-148.91094970703125
			],
			"_binaryInfo": {
				"positionsAttrDesc": {
					"count": 72,
					"stride": 3,
					"offset": 0,
					"dataType": 1
				},
				"normalsAttrDesc": {
					"count": 72,
					"stride": 3,
					"offset": 288,
					"dataType": 1
				},
				"uvsAttrDesc": {
					"count": 48,
					"stride": 2,
					"offset": 576,
					"dataType": 1
				},
				"indicesAttrDesc": {
					"count": 36,
					"stride": 1,
					"offset": 768,
					"dataType": 0
				},
				"subMeshesAttrDesc": {
					"count": 1,
					"stride": 5,
					"offset": 912,
					"dataType": 0
				}
			},
			"positions": null,
			"normals": null,
			"uvs": null,
			"hasUVs": true,
			"indices": null
		}
	],
	"multiMaterials": [],
	"lods": []
}