{
	"materials": [],
	"meshes": [
		{
			"name": "pCube119_rooftop_01.10_0",
			"id": "434df5bb-7f20-43c6-bf97-301cc8309ae7",
			"uniqueId": 733,
			"type": "Mesh",
			"position": [
				0,
				0,
				0
			],
			"rotationQuaternion": [
				0,
				0,
				0,
				1
			],
			"scaling": [
				1,
				1,
				1
			],
			"localMatrix": {
				"0": 1,
				"1": 0,
				"2": 0,
				"3": 0,
				"4": 0,
				"5": 1,
				"6": 0,
				"7": 0,
				"8": 0,
				"9": 0,
				"10": 1,
				"11": 0,
				"12": 0,
				"13": 0,
				"14": 0,
				"15": 1
			},
			"isEnabled": true,
			"isVisible": true,
			"infiniteDistance": false,
			"pickable": true,
			"receiveShadows": false,
			"billboardMode": 0,
			"visibility": 1,
			"checkCollisions": false,
			"isBlocker": false,
			"overrideMaterialSideOrientation": 0,
			"parentId": "92c5c99d-3da9-4352-b022-2d4aa4b0bd69",
			"isUnIndexed": false,
			"geometryId": "6d19245b-c715-4f15-9af8-b167ea6ec25f",
			"subMeshes": null,
			"materialId": "096947b9-b072-49ad-b7be-7a071b9546c8",
			"metadata": {
				"basePoseMatrix": {
					"0": 1,
					"1": -1.2246468525851679e-16,
					"2": 1.2246468525851679e-16,
					"3": 0,
					"4": 1.2246468525851679e-16,
					"5": 1,
					"6": -1.2246468525851679e-16,
					"7": 0,
					"8": 1.2246468525851679e-16,
					"9": -1.2246468525851679e-16,
					"10": -1,
					"11": 0,
					"12": 28.159584045410156,
					"13": -3.029413335855005e-14,
					"14": -219.21078491210938,
					"15": 1
				},
				"originalSourceFile": {
					"id": "pCube119_rooftop_01.10_0",
					"name": "pCube119_rooftop_01.10_0",
					"sceneFileName": "Building/asia_building.glb"
				},
				"isPickable": false
			},
			"instances": [],
			"animations": [],
			"ranges": [],
			"layerMask": 268435455,
			"alphaIndex": 1.7976931348623157e+308,
			"hasVertexAlpha": false,
			"overlayAlpha": 0.5,
			"overlayColor": [
				1,
				0,
				0
			],
			"applyFog": true,
			"delayLoadingFile": "geometries/6d19245b-c715-4f15-9af8-b167ea6ec25f.babylonbinarymeshdata",
			"boundingBoxMaximum": [
				99.72836303710938,
				126.70863342285156,
				-145.91925048828125
			],
			"boundingBoxMinimum": [
				92.48623657226562,
				121.59150695800781,
				-148.91094970703125
			],
			"_binaryInfo": {
				"positionsAttrDesc": {
					"count": 72,
					"stride": 3,
					"offset": 0,
					"dataType": 1
				},
				"normalsAttrDesc": {
					"count": 72,
					"stride": 3,
					"offset": 288,
					"dataType": 1
				},
				"uvsAttrDesc": {
					"count": 48,
					"stride": 2,
					"offset": 576,
					"dataType": 1
				},
				"indicesAttrDesc": {
					"count": 36,
					"stride": 1,
					"offset": 768,
					"dataType": 0
				},
				"subMeshesAttrDesc": {
					"count": 1,
					"stride": 5,
					"offset": 912,
					"dataType": 0
				}
			},
			"positions": null,
			"normals": null,
			"uvs": null,
			"hasUVs": true,
			"indices": null
		}
	],
	"multiMaterials": [],
	"lods": []
}