{
	"materials": [],
	"meshes": [
		{
			"name": "pPlane198_rooftop_01.5_0",
			"id": "d1f74c9c-efb1-4e07-8a77-c17b1e959935",
			"uniqueId": 708,
			"type": "Mesh",
			"position": [
				0,
				0,
				0
			],
			"rotationQuaternion": [
				0,
				0,
				0,
				1
			],
			"scaling": [
				1,
				1,
				1
			],
			"localMatrix": {
				"0": 1,
				"1": 0,
				"2": 0,
				"3": 0,
				"4": 0,
				"5": 1,
				"6": 0,
				"7": 0,
				"8": 0,
				"9": 0,
				"10": 1,
				"11": 0,
				"12": 0,
				"13": 0,
				"14": 0,
				"15": 1
			},
			"isEnabled": true,
			"isVisible": true,
			"infiniteDistance": false,
			"pickable": true,
			"receiveShadows": false,
			"billboardMode": 0,
			"visibility": 1,
			"checkCollisions": false,
			"isBlocker": false,
			"overrideMaterialSideOrientation": 0,
			"parentId": "b46d334b-3eef-474d-8e24-732abd564dd2",
			"isUnIndexed": false,
			"geometryId": "03ec970e-9665-447c-b5de-2acf7ce60c47",
			"subMeshes": null,
			"materialId": "ce97417c-af48-4ecc-bc33-f19978ae50d6",
			"metadata": {
				"basePoseMatrix": {
					"0": 1,
					"1": -1.2246468525851679e-16,
					"2": 1.2246468525851679e-16,
					"3": 0,
					"4": 1.2246468525851679e-16,
					"5": 1,
					"6": -1.2246468525851679e-16,
					"7": 0,
					"8": 1.2246468525851679e-16,
					"9": -1.2246468525851679e-16,
					"10": -1,
					"11": 0,
					"12": 28.159584045410156,
					"13": -3.029413335855005e-14,
					"14": -219.21078491210938,
					"15": 1
				},
				"originalSourceFile": {
					"id": "pPlane198_rooftop_01.5_0",
					"name": "pPlane198_rooftop_01.5_0",
					"sceneFileName": "Building/asia_building.glb"
				},
				"isPickable": false
			},
			"instances": [],
			"animations": [],
			"ranges": [],
			"layerMask": 268435455,
			"alphaIndex": 1.7976931348623157e+308,
			"hasVertexAlpha": false,
			"overlayAlpha": 0.5,
			"overlayColor": [
				1,
				0,
				0
			],
			"applyFog": true,
			"delayLoadingFile": "geometries/03ec970e-9665-447c-b5de-2acf7ce60c47.babylonbinarymeshdata",
			"boundingBoxMaximum": [
				26.129638671875,
				47.50492858886719,
				-149.5555419921875
			],
			"boundingBoxMinimum": [
				15.55810546875,
				39.76586151123047,
				-156.2510986328125
			],
			"_binaryInfo": {
				"positionsAttrDesc": {
					"count": 204,
					"stride": 3,
					"offset": 0,
					"dataType": 1
				},
				"normalsAttrDesc": {
					"count": 204,
					"stride": 3,
					"offset": 816,
					"dataType": 1
				},
				"uvsAttrDesc": {
					"count": 136,
					"stride": 2,
					"offset": 1632,
					"dataType": 1
				},
				"indicesAttrDesc": {
					"count": 102,
					"stride": 1,
					"offset": 2176,
					"dataType": 0
				},
				"subMeshesAttrDesc": {
					"count": 1,
					"stride": 5,
					"offset": 2584,
					"dataType": 0
				}
			},
			"positions": null,
			"normals": null,
			"uvs": null,
			"hasUVs": true,
			"indices": null
		}
	],
	"multiMaterials": [],
	"lods": []
}