{
	"materials": [],
	"meshes": [
		{
			"name": "pPlane199_rooftop_01.2_0",
			"id": "03c6eda5-cfdf-4fa9-9e1f-9beb5c87be4e",
			"uniqueId": 693,
			"type": "Mesh",
			"position": [
				0,
				0,
				0
			],
			"rotationQuaternion": [
				0,
				0,
				0,
				1
			],
			"scaling": [
				1,
				1,
				1
			],
			"localMatrix": {
				"0": 1,
				"1": 0,
				"2": 0,
				"3": 0,
				"4": 0,
				"5": 1,
				"6": 0,
				"7": 0,
				"8": 0,
				"9": 0,
				"10": 1,
				"11": 0,
				"12": 0,
				"13": 0,
				"14": 0,
				"15": 1
			},
			"isEnabled": true,
			"isVisible": true,
			"infiniteDistance": false,
			"pickable": true,
			"receiveShadows": false,
			"billboardMode": 0,
			"visibility": 1,
			"checkCollisions": false,
			"isBlocker": false,
			"overrideMaterialSideOrientation": 0,
			"parentId": "a1486bb0-3e15-41f0-8a2e-d2cf452eb035",
			"isUnIndexed": false,
			"geometryId": "5ce5f01d-2d12-454b-8216-433bee74fae6",
			"subMeshes": null,
			"materialId": "193bc894-a48e-4d32-8250-1190f81e85a5",
			"metadata": {
				"basePoseMatrix": {
					"0": 1,
					"1": -1.2246468525851679e-16,
					"2": 1.2246468525851679e-16,
					"3": 0,
					"4": 1.2246468525851679e-16,
					"5": 1,
					"6": -1.2246468525851679e-16,
					"7": 0,
					"8": 1.2246468525851679e-16,
					"9": -1.2246468525851679e-16,
					"10": -1,
					"11": 0,
					"12": 28.159584045410156,
					"13": -3.077684164047241,
					"14": -219.9160919189453,
					"15": 1
				},
				"originalSourceFile": {
					"id": "pPlane199_rooftop_01.2_0",
					"name": "pPlane199_rooftop_01.2_0",
					"sceneFileName": "Building/asia_building.glb"
				},
				"isPickable": false
			},
			"instances": [],
			"animations": [],
			"ranges": [],
			"layerMask": 268435455,
			"alphaIndex": 1.7976931348623157e+308,
			"hasVertexAlpha": false,
			"overlayAlpha": 0.5,
			"overlayColor": [
				1,
				0,
				0
			],
			"applyFog": true,
			"delayLoadingFile": "geometries/5ce5f01d-2d12-454b-8216-433bee74fae6.babylonbinarymeshdata",
			"boundingBoxMaximum": [
				102.2928466796875,
				25.787643432617188,
				-144.8678741455078
			],
			"boundingBoxMinimum": [
				77.8006591796875,
				22.110313415527344,
				-153.59291076660156
			],
			"_binaryInfo": {
				"positionsAttrDesc": {
					"count": 132,
					"stride": 3,
					"offset": 0,
					"dataType": 1
				},
				"normalsAttrDesc": {
					"count": 132,
					"stride": 3,
					"offset": 528,
					"dataType": 1
				},
				"uvsAttrDesc": {
					"count": 88,
					"stride": 2,
					"offset": 1056,
					"dataType": 1
				},
				"indicesAttrDesc": {
					"count": 66,
					"stride": 1,
					"offset": 1408,
					"dataType": 0
				},
				"subMeshesAttrDesc": {
					"count": 1,
					"stride": 5,
					"offset": 1672,
					"dataType": 0
				}
			},
			"positions": null,
			"normals": null,
			"uvs": null,
			"hasUVs": true,
			"indices": null
		}
	],
	"multiMaterials": [],
	"lods": []
}