{
	"materials": [],
	"meshes": [
		{
			"name": "pPlane197_rooftop_01.7_0",
			"id": "8d2f879e-314b-4f1d-881a-534c02baba28",
			"uniqueId": 718,
			"type": "Mesh",
			"position": [
				0,
				0,
				0
			],
			"rotationQuaternion": [
				0,
				0,
				0,
				1
			],
			"scaling": [
				1,
				1,
				1
			],
			"localMatrix": {
				"0": 1,
				"1": 0,
				"2": 0,
				"3": 0,
				"4": 0,
				"5": 1,
				"6": 0,
				"7": 0,
				"8": 0,
				"9": 0,
				"10": 1,
				"11": 0,
				"12": 0,
				"13": 0,
				"14": 0,
				"15": 1
			},
			"isEnabled": true,
			"isVisible": true,
			"infiniteDistance": false,
			"pickable": true,
			"receiveShadows": false,
			"billboardMode": 0,
			"visibility": 1,
			"checkCollisions": false,
			"isBlocker": false,
			"overrideMaterialSideOrientation": 0,
			"parentId": "cf87b8e5-9db9-4b73-8ece-dd37dd1928fd",
			"isUnIndexed": false,
			"geometryId": "27413b92-25d5-480b-8706-be3c436f042d",
			"subMeshes": null,
			"materialId": "defe830e-da60-4129-83a6-e20f9f7a33fe",
			"metadata": {
				"basePoseMatrix": {
					"0": 1,
					"1": -1.2246468525851679e-16,
					"2": 1.2246468525851679e-16,
					"3": 0,
					"4": 1.2246468525851679e-16,
					"5": 1,
					"6": -1.2246468525851679e-16,
					"7": 0,
					"8": 1.2246468525851679e-16,
					"9": -1.2246468525851679e-16,
					"10": -1,
					"11": 0,
					"12": 28.159584045410156,
					"13": -3.029413335855005e-14,
					"14": -219.21078491210938,
					"15": 1
				},
				"originalSourceFile": {
					"id": "pPlane197_rooftop_01.7_0",
					"name": "pPlane197_rooftop_01.7_0",
					"sceneFileName": "Building/asia_building.glb"
				},
				"isPickable": false
			},
			"instances": [],
			"animations": [],
			"ranges": [],
			"layerMask": 268435455,
			"alphaIndex": 1.7976931348623157e+308,
			"hasVertexAlpha": false,
			"overlayAlpha": 0.3,
			"overlayColor": [
				1,
				0,
				0
			],
			"applyFog": true,
			"delayLoadingFile": "geometries/27413b92-25d5-480b-8706-be3c436f042d.babylonbinarymeshdata",
			"boundingBoxMaximum": [
				77.842529296875,
				145.74658203125,
				-142.01889038085938
			],
			"boundingBoxMinimum": [
				29.673095703125,
				128.169189453125,
				-154.81552124023438
			],
			"_binaryInfo": {
				"positionsAttrDesc": {
					"count": 1830,
					"stride": 3,
					"offset": 0,
					"dataType": 1
				},
				"normalsAttrDesc": {
					"count": 1830,
					"stride": 3,
					"offset": 7320,
					"dataType": 1
				},
				"uvsAttrDesc": {
					"count": 1220,
					"stride": 2,
					"offset": 14640,
					"dataType": 1
				},
				"indicesAttrDesc": {
					"count": 2070,
					"stride": 1,
					"offset": 19520,
					"dataType": 0
				},
				"subMeshesAttrDesc": {
					"count": 1,
					"stride": 5,
					"offset": 27800,
					"dataType": 0
				}
			},
			"positions": null,
			"normals": null,
			"uvs": null,
			"hasUVs": true,
			"indices": null
		}
	],
	"multiMaterials": [],
	"lods": []
}